{
    "0": "DeepVul-187126",
    "1": "DeepVul-1281",
    "2": "DeepVul-76289",
    "3": "DeepVul-89785",
    "4": "DeepVul-19531",
    "5": "DeepVul-52728",
    "6": "DeepVul-27868",
    "7": "DeepVul-6157",
    "8": "DeepVul-132574",
    "9": "DeepVul-79104",
    "10": "DeepVul-151212",
    "11": "DeepVul-76633",
    "12": "DeepVul-61221",
    "13": "DeepVul-169109",
    "14": "DeepVul-179216",
    "15": "DeepVul-24404",
    "16": "DeepVul-159262",
    "17": "DeepVul-59013",
    "18": "DeepVul-88539",
    "19": "DeepVul-90024",
    "20": "DeepVul-124107",
    "21": "DeepVul-79648",
    "22": "DeepVul-33645",
    "23": "DeepVul-121609",
    "24": "DeepVul-5237",
    "25": "DeepVul-6174",
    "26": "DeepVul-158250",
    "27": "DeepVul-137128",
    "28": "DeepVul-107979",
    "29": "DeepVul-71873",
    "30": "DeepVul-36536",
    "31": "DeepVul-149848",
    "32": "DeepVul-111946",
    "33": "DeepVul-76929",
    "34": "DeepVul-140785",
    "35": "DeepVul-59312",
    "36": "DeepVul-91869",
    "37": "DeepVul-152208",
    "38": "DeepVul-30157",
    "39": "DeepVul-24510",
    "40": "DeepVul-140191",
    "41": "DeepVul-177873",
    "42": "DeepVul-4407",
    "43": "DeepVul-152471",
    "44": "DeepVul-169202",
    "45": "DeepVul-47793",
    "46": "DeepVul-21049",
    "47": "DeepVul-28517",
    "48": "DeepVul-3358",
    "49": "DeepVul-112169",
    "50": "DeepVul-72868",
    "51": "DeepVul-96782",
    "52": "DeepVul-185646",
    "53": "DeepVul-102576",
    "54": "DeepVul-134075",
    "55": "DeepVul-177592",
    "56": "DeepVul-146212",
    "57": "DeepVul-165467",
    "58": "DeepVul-180215",
    "59": "DeepVul-118946",
    "60": "DeepVul-142150",
    "61": "DeepVul-157090",
    "62": "DeepVul-176663",
    "63": "DeepVul-36957",
    "64": "DeepVul-183686",
    "65": "DeepVul-157194",
    "66": "DeepVul-72826",
    "67": "DeepVul-65786",
    "68": "DeepVul-145856",
    "69": "DeepVul-160152",
    "70": "DeepVul-185046",
    "71": "DeepVul-55146",
    "72": "DeepVul-46420",
    "73": "DeepVul-150974",
    "74": "DeepVul-2698",
    "75": "DeepVul-34324",
    "76": "DeepVul-39653",
    "77": "DeepVul-182043",
    "78": "DeepVul-74128",
    "79": "DeepVul-70275"
}