{
    "0": [
        "npm__fdse__express-jwt"
    ],
    "1": [
        "pypi__fdse__pyjwt"
    ],
    "2": [
        "npm__fdse__jose-node-cjs-runtime"
    ],
    "3": [
        "npm__fdse__dot-object"
    ],
    "4": [
        "go__fdse__github.com:casdoor:casdoor"
    ],
    "5": [
        "maven__fdse__com.drewnoakes:metadata-extractor"
    ],
    "6": [
        "go__fdse__github.com:kubernetes:kubernetes"
    ],
    "7": [
        "npm__fdse__@eivifj:dot"
    ],
    "8": [
        "npm__fdse__vditor"
    ],
    "9": [
        "maven__fdse__com.fasterxml.jackson.core:jackson-databind"
    ],
    "10": [
        "maven__fdse__org.jooby:jooby"
    ],
    "11": [
        "npm__fdse__html-pages"
    ],
    "12": [
        "pypi__fdse__tensorflow"
    ],
    "13": [
        "npm__fdse__git-parse"
    ],
    "14": [
        "npm__fdse__m-server"
    ],
    "15": [
        "maven__fdse__org.apache.nifi:nifi-framework-cluster"
    ],
    "16": [
        "pypi__fdse__sockeye"
    ],
    "17": [
        "pypi__fdse__tensorflow"
    ],
    "18": [
        "npm__fdse__list-n-stream"
    ],
    "19": [
        "maven__fdse__cn.hutool:hutool-core"
    ],
    "20": [
        "npm__fdse__marked-tree"
    ],
    "21": [
        "go__fdse__go.mongodb.org:mongo-driver"
    ],
    "22": [
        "npm__fdse__mystem"
    ],
    "23": [
        "npm__fdse__mapbox.js"
    ],
    "24": [
        "npm__fdse__react-adal"
    ],
    "25": [
        "maven__fdse__org.apache.nifi:nifi-web-security",
        "maven__fdse__org.apache.nifi:nifi-web-api"
    ],
    "26": [
        "npm__fdse__mongo-express"
    ],
    "27": [
        "npm__fdse__undefsafe"
    ],
    "28": [
        "pypi__fdse__apache-superset"
    ],
    "29": [
        "pypi__fdse__pycrypto"
    ],
    "30": [
        "maven__fdse__org.apache.hbase:hbase-thrift"
    ],
    "31": [
        "go__fdse__github.com:pion:webrtc"
    ],
    "32": [
        "pypi__fdse__owlmixin"
    ],
    "33": [
        "pypi__fdse__notebook"
    ],
    "34": [
        "npm__fdse__safe-flat"
    ],
    "35": [
        "pypi__fdse__pyyaml"
    ],
    "36": [
        "go__fdse__github.com:containerd:containerd"
    ],
    "37": [
        "npm__fdse__sequelize"
    ],
    "38": [
        "npm__fdse__redis"
    ],
    "39": [
        "npm__fdse__serveryaozeyan"
    ],
    "40": [
        "pypi__fdse__pycrypto"
    ],
    "41": [
        "pypi__fdse__cobbler"
    ],
    "42": [
        "pypi__fdse__tensorflow"
    ],
    "43": [
        "pypi__fdse__salt"
    ],
    "44": [
        "maven__fdse__net.mingsoft:ms-mcms"
    ],
    "45": [
        "npm__fdse__augustine"
    ],
    "46": [
        "maven__fdse__net.sourceforge.htmlunit:htmlunit"
    ],
    "47": [
        "pypi__fdse__openapi-python-client"
    ],
    "48": [
        "go__fdse__github.com:argoproj:argo-cd"
    ],
    "49": [
        "maven__fdse__com.manydesigns:portofino-core",
        "maven__fdse__com.manydesigns:portofino-dispatcher"
    ],
    "50": [
        "npm__fdse__sequelize"
    ],
    "51": [
        "npm__fdse__object-path-set"
    ],
    "52": [
        "maven__fdse__org.springframework:spring-web"
    ],
    "53": [
        "maven__fdse__org.apache.nifi:nifi-single-user-utils"
    ],
    "54": [
        "npm__fdse__apex-publish-static-files"
    ],
    "55": [
        "maven__fdse__org.jenkins-ci.plugins:mercurial"
    ],
    "56": [
        "pypi__fdse__ipython"
    ],
    "57": [
        "npm__fdse__underscore"
    ],
    "58": [
        "maven__fdse__com.github.junrar:junrar"
    ],
    "59": [
        "npm__fdse__webdriver-launcher"
    ],
    "60": [
        "go__fdse__github.com:kubernetes:kubernetes"
    ],
    "61": [
        "npm__fdse__webdrvr"
    ],
    "62": [
        "pypi__fdse__flask"
    ],
    "63": [
        "maven__fdse__com.vaadin:flow-server"
    ],
    "64": [
        "pypi__fdse__tensorflow"
    ],
    "65": [
        "maven__fdse__commons-fileupload:commons-fileupload"
    ],
    "66": [
        "maven__fdse__org.fusesource.hawtjni:hawtjni-runtime"
    ],
    "67": [
        "npm__fdse__date-and-time"
    ],
    "68": [
        "maven__fdse__org.jenkins-ci.main:jenkins-core"
    ],
    "69": [
        "maven__fdse__com.fasterxml.jackson.core:jackson-databind"
    ],
    "70": [
        "npm__fdse__status-board"
    ],
    "71": [
        "npm__fdse__shenliru"
    ],
    "72": [
        "npm__fdse__auth0-lock"
    ],
    "73": [
        "npm__fdse__jsoneditor"
    ],
    "74": [
        "pypi__fdse__tensorflow"
    ],
    "75": [
        "npm__fdse__browserify-hmr"
    ],
    "76": [
        "pypi__fdse__notebook"
    ],
    "77": [
        "maven__fdse__org.jenkins-ci.plugins.workflow:workflow-cps-global-lib"
    ],
    "78": [
        "npm__fdse__sanitize-html"
    ],
    "79": [
        "pypi__fdse__python-libnmap"
    ]
}