{
    "DeepVul-159262": "pypi",
    "DeepVul-145856": "maven",
    "DeepVul-151212": "maven",
    "DeepVul-111946": "pypi",
    "DeepVul-126516": "npm",
    "DeepVul-102576": "maven",
    "DeepVul-76633": "npm",
    "DeepVul-24510": "npm",
    "DeepVul-36957": "maven",
    "DeepVul-149848": "go",
    "DeepVul-74128": "npm",
    "DeepVul-121609": "npm",
    "DeepVul-169202": "maven",
    "DeepVul-19531": "go",
    "DeepVul-61221": "pypi",
    "DeepVul-165467": "npm",
    "DeepVul-34324": "npm",
    "DeepVul-39653": "pypi",
    "DeepVul-152471": "pypi",
    "DeepVul-47793": "npm",
    "DeepVul-142150": "go",
    "DeepVul-91869": "go",
    "DeepVul-1281": "pypi",
    "DeepVul-142493": "maven",
    "DeepVul-150974": "npm",
    "DeepVul-158250": "npm",
    "DeepVul-185646": "maven",
    "DeepVul-79104": "maven",
    "DeepVul-179216": "npm",
    "DeepVul-72826": "maven",
    "DeepVul-157194": "maven",
    "DeepVul-6157": "npm",
    "DeepVul-70275": "pypi",
    "DeepVul-33645": "npm",
    "DeepVul-118946": "npm",
    "DeepVul-169109": "npm",
    "DeepVul-96782": "npm",
    "DeepVul-157090": "npm",
    "DeepVul-112169": "maven",
    "DeepVul-27868": "go",
    "DeepVul-6174": "maven",
    "DeepVul-160152": "maven",
    "DeepVul-55146": "npm",
    "DeepVul-176663": "pypi",
    "DeepVul-90024": "maven",
    "DeepVul-182043": "maven",
    "DeepVul-2698": "pypi",
    "DeepVul-88539": "npm",
    "DeepVul-3358": "go",
    "DeepVul-30157": "npm",
    "DeepVul-177592": "maven",
    "DeepVul-146212": "pypi",
    "DeepVul-76289": "npm",
    "DeepVul-185046": "npm",
    "DeepVul-46420": "npm",
    "DeepVul-71873": "pypi",
    "DeepVul-28517": "pypi",
    "DeepVul-52728": "maven",
    "DeepVul-36536": "maven",
    "DeepVul-140191": "pypi",
    "DeepVul-24404": "maven",
    "DeepVul-187126": "npm",
    "DeepVul-59013": "pypi",
    "DeepVul-183686": "pypi",
    "DeepVul-72868": "npm",
    "DeepVul-89785": "npm",
    "DeepVul-177873": "pypi",
    "DeepVul-132574": "npm",
    "DeepVul-180215": "maven",
    "DeepVul-76929": "pypi",
    "DeepVul-124107": "npm",
    "DeepVul-107979": "pypi",
    "DeepVul-134075": "npm",
    "DeepVul-140785": "npm",
    "DeepVul-152208": "npm",
    "DeepVul-21049": "maven",
    "DeepVul-65786": "npm",
    "DeepVul-5237": "npm",
    "DeepVul-79648": "go",
    "DeepVul-137128": "npm",
    "DeepVul-4407": "pypi",
    "DeepVul-28528": "pypi",
    "DeepVul-59312": "pypi",
    "DeepVul-61230": "maven"
}