{
    "0": "pypi",
    "1": "maven",
    "2": "maven",
    "3": "pypi",
    "4": "maven",
    "5": "npm",
    "6": "npm",
    "7": "maven",
    "8": "go",
    "9": "npm",
    "10": "npm",
    "11": "maven",
    "12": "go",
    "13": "pypi",
    "14": "npm",
    "15": "npm",
    "16": "pypi",
    "17": "pypi",
    "18": "npm",
    "19": "go",
    "20": "go",
    "21": "pypi",
    "22": "npm",
    "23": "npm",
    "24": "maven",
    "25": "maven",
    "26": "npm",
    "27": "maven",
    "28": "maven",
    "29": "npm",
    "30": "pypi",
    "31": "npm",
    "32": "npm",
    "33": "npm",
    "34": "npm",
    "35": "npm",
    "36": "maven",
    "37": "go",
    "38": "maven",
    "39": "maven",
    "40": "npm",
    "41": "pypi",
    "42": "maven",
    "43": "maven",
    "44": "pypi",
    "45": "npm",
    "46": "go",
    "47": "npm",
    "48": "maven",
    "49": "pypi",
    "50": "npm",
    "51": "npm",
    "52": "npm",
    "53": "pypi",
    "54": "pypi",
    "55": "maven",
    "56": "maven",
    "57": "pypi",
    "58": "maven",
    "59": "npm",
    "60": "pypi",
    "61": "pypi",
    "62": "npm",
    "63": "npm",
    "64": "pypi",
    "65": "npm",
    "66": "maven",
    "67": "pypi",
    "68": "npm",
    "69": "pypi",
    "70": "npm",
    "71": "npm",
    "72": "npm",
    "73": "maven",
    "74": "npm",
    "75": "npm",
    "76": "go",
    "77": "npm",
    "78": "pypi",
    "79": "pypi"
}